{
  "camera": "right",
  "projection_type": "orthographic",
  "intrinsics": {
    "width": 640,
    "height": 480,
    "orthographic_width": 0.3039999961853027,
    "orthographic_height": 0.22799999713897706,
    "scale_x": 0.0004749999940395355,
    "scale_y": 0.00047499999403953556,
    "Knew": [
      [
        2105.263184312308,
        0,
        320.0
      ],
      [
        0,
        2105.263184312308,
        240.0
      ],
      [
        0,
        0,
        1
      ]
    ]
  },
  "extrinsics": {
    "T_three": [
      [
        -2.220446049250313e-16,
        1.0,
        -1.20556224043178e-16,
        0.25
      ],
      [
        -1.0,
        -2.220446049250313e-16,
        1.232595164407831e-32,
        1.0
      ],
      [
        -1.232595164407831e-32,
        1.20556224043178e-16,
        1.0,
        0.25
      ],
      [
        0.0,
        0.0,
        0.0,
        1.0
      ]
    ]
  }
}