{
  "camera": "omniversekit_right",
  "projection_type": "orthographic",
  "intrinsics": {
    "width": 640,
    "height": 480,
    "orthographic_width": 0.7930105209350586,
    "orthographic_height": 0.7930105209350586,
    "scale_x": 0.0012390789389610292,
    "scale_y": 0.0016521052519480389,
    "Knew": [
      [
        807.0510833139514,
        0,
        320.0
      ],
      [
        0,
        605.2883124854635,
        240.0
      ],
      [
        0,
        0,
        1
      ]
    ]
  },
  "extrinsics": {
    "T_three": [
      [
        -2.220446049250313e-16,
        -1.0,
        0.0,
        0.0
      ],
      [
        1.0,
        -2.220446049250313e-16,
        0.0,
        -5.0
      ],
      [
        0.0,
        0.0,
        1.0,
        0.0
      ],
      [
        0.0,
        0.0,
        0.0,
        1.0
      ]
    ]
  }
}