{
  "camera": "omniversekit_persp",
  "projection_type": "perspective",
  "intrinsics": {
    "width": 640,
    "height": 480,
    "focal_length": 1.814756202697754,
    "horizontal_aperture": 0.8381999969482422,
    "vertical_aperture": 0.6286499977111817,
    "Knew": [
      [
        1385.640627481749,
        0,
        320.0
      ],
      [
        0,
        1385.640627481749,
        240.0
      ],
      [
        0,
        0,
        1
      ]
    ]
  },
  "extrinsics": {
    "T_three": [
      [
        -0.5128982805282168,
        -0.858435983316517,
        0.004797538806879314,
        0.9559313058853149
      ],
      [
        0.8583984319208519,
        -0.5129207176040024,
        -0.008029291900172921,
        -1.0913578271865845
      ],
      [
        0.009353390135217873,
        -1.0220553191969683e-08,
        0.9999562560897245,
        0.2199735939502716
      ],
      [
        0.0,
        0.0,
        0.0,
        1.0
      ]
    ]
  }
}