{
  "camera": "omniversekit_front",
  "projection_type": "orthographic",
  "intrinsics": {
    "width": 640,
    "height": 480,
    "orthographic_width": 5.0,
    "orthographic_height": 5.0,
    "scale_x": 0.0078125,
    "scale_y": 0.010416666666666666,
    "Knew": [
      [
        128.0,
        0,
        320.0
      ],
      [
        0,
        96.0,
        240.0
      ],
      [
        0,
        0,
        1
      ]
    ]
  },
  "extrinsics": {
    "T_three": [
      [
        -1.0,
        0.0,
        0.0,
        5.0
      ],
      [
        0.0,
        -1.0,
        0.0,
        0.0
      ],
      [
        0.0,
        0.0,
        1.0,
        0.0
      ],
      [
        0.0,
        0.0,
        0.0,
        1.0
      ]
    ]
  }
}