{
  "camera": "omniversekit_top",
  "projection_type": "orthographic",
  "intrinsics": {
    "width": 640,
    "height": 480,
    "orthographic_width": 2.266925239562988,
    "orthographic_height": 2.266925239562988,
    "scale_x": 0.003542070686817169,
    "scale_y": 0.0047227609157562255,
    "Knew": [
      [
        282.32073507787027,
        0,
        320.0
      ],
      [
        0,
        211.7405513084027,
        240.0
      ],
      [
        0,
        0,
        1
      ]
    ]
  },
  "extrinsics": {
    "T_three": [
      [
        -2.220446049250313e-16,
        -1.232595164407831e-32,
        1.0,
        0.0
      ],
      [
        -1.224646779122293e-16,
        1.0,
        -1.232595164407831e-32,
        0.0
      ],
      [
        -1.0,
        -1.224646779122293e-16,
        -2.220446049250313e-16,
        5.0
      ],
      [
        0.0,
        0.0,
        0.0,
        1.0
      ]
    ]
  }
}