{
  "camera": "perspective",
  "intrinsics": {
    "width": 640,
    "height": 480,
    "Knew": [
      [
        519.3677704107146,
        0,
        344.8
      ],
      [
        0,
        520.9826028627776,
        227.3
      ],
      [
        0,
        0,
        1
      ]
    ]
  },
  "extrinsics": {
    "T_three": [
      [
        0.78710319875359,
        -0.4923781846590921,
        0.3715269543164851,
        0.774
      ],
      [
        0.6054949523511964,
        0.7316656315060392,
        -0.3131154201729629,
        -0.3915
      ],
      [
        -0.11766230147795417,
        0.47141184429825866,
        0.8740288644353946,
        1.065
      ],
      [
        0,
        0,
        0,
        1
      ]
    ]
  }
}